user_id,total_events,stage_clears,gacha_pulls,pvp_battles,purchases,vip_level,cluster,is_anomaly,anomaly_score
U000001,34,11,4,4,2,1,3,0,0.033458478946564285
U000002,42,8,4,3,7,0,3,0,0.025821935130511675
U000003,54,24,4,4,14,0,4,0,0.007246693125569803
U000004,59,19,12,13,4,0,0,0,0.0790706206319734
U000005,59,25,11,11,4,0,0,0,0.07637320823487764
U000006,55,20,7,12,4,1,0,0,0.13486291744012802
U000007,59,20,11,10,9,0,0,0,0.08650402232622151
U000008,50,17,9,10,11,2,4,0,0.05596189128788942
U000009,52,19,8,8,4,0,1,0,0.1706180436934503
U000010,48,13,10,9,8,1,4,0,0.10352541990570574
U000011,51,19,9,4,5,1,1,0,0.14719860228832315
U000012,51,14,7,12,6,1,4,0,0.1250849956933076
U000013,52,11,3,7,9,1,4,0,0.03664875830100445
U000014,43,14,4,7,3,4,2,0,0.01359992482299699
U000015,57,16,10,11,5,1,0,0,0.12806397975943445
U000016,46,15,7,5,4,1,3,0,0.15217067570342324
U000017,52,15,9,8,4,1,1,0,0.15267174393707184
U000018,48,12,12,4,4,0,3,0,0.10185645429562185
U000019,56,19,4,8,9,0,4,0,0.09205064763172466
U000020,57,22,10,4,6,0,1,0,0.12997744741811795
U000021,53,18,9,10,3,0,1,0,0.15052683400144468
U000022,53,18,10,7,3,0,1,0,0.15659116338057538
U000023,46,22,2,8,2,0,1,0,0.058793540386616105
U000024,61,24,6,11,4,1,0,0,0.08717097495141807
U000025,44,18,7,6,3,0,1,0,0.1563583177479862
U000026,46,16,4,11,3,2,2,0,0.08063623984289386
U000027,41,15,8,6,2,0,3,0,0.12883449420447335
U000028,44,15,7,4,6,1,3,0,0.13412289905876063
U000029,45,21,9,5,1,0,1,0,0.09161618819739575
U000030,51,16,11,5,6,0,1,0,0.14402811217049666
U000031,50,16,12,4,5,0,1,0,0.13036031778059343
U000032,44,17,3,6,3,1,3,0,0.11077962232704153
U000033,54,23,5,10,4,0,1,0,0.12552026201777944
U000034,34,13,2,6,5,3,3,0,0.00223811224654491
U000035,64,23,6,19,4,0,0,1,-0.00018056391933329863
U000036,53,22,11,5,2,1,1,0,0.09136350325111758
U000037,48,21,6,5,3,0,1,0,0.14978860019569928
U000038,35,13,4,4,4,1,3,0,0.07156817254001008
U000039,61,24,5,11,8,0,0,0,0.07317680512977198
U000040,56,17,10,6,5,0,1,0,0.15914585036071982
U000041,61,21,10,11,4,0,0,0,0.11904240160085972
U000042,53,22,5,6,7,0,1,0,0.13849190661621152
U000043,43,20,4,6,4,0,1,0,0.13531821298126473
U000044,56,21,10,13,4,5,2,1,-0.02633665537363228
U000045,52,16,6,8,3,0,1,0,0.15174999703860625
U000046,68,29,9,11,6,0,0,0,0.00797620324773185
U000047,44,16,7,5,6,4,2,0,0.040822098498760506
U000048,47,21,7,3,5,0,1,0,0.13289375208220616
U000049,47,19,13,4,4,0,1,0,0.10244040107583885
U000050,54,21,5,10,7,1,4,0,0.1322884695416427
U000051,45,14,6,11,8,3,2,0,0.04750660409873053
U000052,40,12,5,8,5,1,3,0,0.12166752822427052
U000053,42,14,1,10,8,0,4,0,0.015391924094334652
U000054,55,16,10,8,9,4,2,0,0.006725202912252204
U000055,43,12,8,8,6,0,3,0,0.1297169240364595
U000056,60,24,5,14,7,5,2,1,-0.06749369142038575
U000057,52,19,6,12,7,2,4,0,0.09901508675305587
U000058,45,14,8,7,3,3,2,0,0.0860977275325937
U000059,41,13,8,3,3,0,3,0,0.10153879261071691
U000060,54,16,7,8,7,0,4,0,0.15791957223969844
U000061,53,15,10,9,4,1,1,0,0.14581284463468835
U000062,53,20,8,4,2,1,1,0,0.11641535268769337
U000063,52,18,8,6,7,1,4,0,0.1554164398605668
U000064,56,18,10,8,2,3,2,0,0.057013506770544176
U000065,41,10,9,4,4,1,3,0,0.09601936286815732
U000066,41,20,5,6,1,0,1,0,0.08969647463873354
U000067,45,21,6,5,3,0,1,0,0.14427031366048326
U000068,53,17,5,8,7,0,4,0,0.1499494447880768
U000069,60,21,8,19,8,0,0,0,0.008446065139598335
U000070,59,15,10,14,9,0,0,0,0.03238197304568169
U000071,57,22,9,3,4,2,1,0,0.06629407671945664
U000072,56,20,7,8,8,1,4,0,0.13359577259131844
U000073,57,23,10,4,4,1,1,0,0.10620772857995309
U000074,46,19,6,8,6,0,4,0,0.1591521414829295
U000075,48,21,4,9,5,1,1,0,0.12362210712163108
U000076,59,21,11,10,1,2,0,0,0.027439241340427856
U000077,53,20,5,3,10,3,2,0,0.002318037379195559
U000078,45,15,2,8,2,1,3,0,0.07149759930419464
U000079,61,19,8,10,6,2,0,0,0.09958950100196357
U000080,55,19,9,6,4,1,1,0,0.15890452222029072
U000081,38,11,4,11,7,0,3,0,0.05074851575196826
U000082,52,15,7,4,10,2,4,0,0.05420115127283487
U000083,71,29,9,8,7,0,0,1,-0.00017059509477002077
U000084,56,18,7,14,6,0,0,0,0.09539988387155163
U000085,53,14,8,11,6,0,4,0,0.12349663084174306
U000086,56,22,8,6,8,1,0,0,0.11309205713933179
U000087,55,20,9,9,2,1,1,0,0.12006383335071025
U000088,51,22,5,5,7,1,1,0,0.12233437980646161
U000089,35,8,3,8,5,0,3,0,0.031492922893662234
U000090,50,8,12,9,12,0,4,1,-0.021003881115202683
U000091,41,12,8,5,7,2,3,0,0.07392761683490218
U000092,48,14,7,9,5,0,4,0,0.15385838246932
U000093,50,12,11,7,5,3,2,0,0.06531065564779687
U000094,53,21,3,6,5,0,1,0,0.11543099465244483
U000095,41,9,5,7,2,1,3,0,0.06337917991465192
U000096,62,22,13,4,6,1,0,0,0.06740889228003877
U000097,57,21,6,10,8,2,0,0,0.08542244013759598
U000098,49,21,4,10,1,0,1,0,0.07763859767794173
U000099,42,17,5,6,3,3,2,0,0.0822871666509421
U000100,40,10,8,6,6,1,3,0,0.09559074368545156
U000101,38,19,6,4,2,1,3,0,0.06728395203506365
U000102,65,27,7,8,11,1,0,1,-0.02306272801077358
U000103,63,17,15,10,4,0,0,0,0.08132101924591828
U000104,54,22,8,6,5,0,1,0,0.1603943885994341
U000105,49,16,5,9,5,0,4,0,0.1560634413710783
U000106,47,18,7,8,4,0,1,0,0.16717365236365805
U000107,54,19,11,7,4,1,1,0,0.1475706601133963
U000108,61,21,9,8,8,0,0,0,0.1295808022010036
U000109,52,20,9,6,4,0,1,0,0.16741220190599915
U000110,51,19,8,10,2,0,1,0,0.12632981681755268
U000111,51,23,4,4,6,0,1,0,0.11150202622021343
U000112,55,15,10,4,5,0,1,0,0.12799863882559448
U000113,45,16,3,7,4,1,3,0,0.11830807078420258
U000114,52,16,12,5,4,0,1,0,0.13529613879300156
U000115,44,18,4,7,2,3,2,0,0.05597229276226845
U000116,63,23,8,4,6,0,0,0,0.10546342024233707
U000117,52,16,9,11,6,0,4,0,0.1469001883251369
U000118,42,16,5,6,5,3,2,0,0.09188168593108503
U000119,63,29,8,8,4,0,0,0,0.04489319104992617
U000120,31,11,4,4,2,0,3,0,0.02947852698217146
U000121,40,17,2,3,7,4,2,1,-0.049116713014143665
U000122,51,19,7,9,4,3,2,0,0.11327802790055702
U000123,56,16,4,13,7,1,4,0,0.07374676703513872
U000124,49,16,8,9,2,0,1,0,0.13295744303173462
U000125,58,24,7,11,7,1,0,0,0.09593288864905936
U000126,49,19,5,6,6,5,2,0,0.009064994540501359
U000127,45,19,6,7,4,3,2,0,0.10644048050865806
U000128,67,22,12,12,5,0,0,0,0.05878545168011173
U000129,51,19,8,6,4,0,1,0,0.17206707640253827
U000130,39,12,7,7,6,0,3,0,0.11265612422505389
U000131,51,18,11,4,7,0,1,0,0.13357148592461082
U000132,42,11,8,8,3,1,3,0,0.10905533472039253
U000133,45,12,8,6,5,0,3,0,0.14450195430805163
U000134,57,15,12,8,6,0,0,0,0.1273386910307217
U000135,41,15,8,6,4,0,3,0,0.14569981254716902
U000136,45,16,9,9,7,0,4,0,0.13532338560015988
U000137,52,21,4,8,4,0,1,0,0.13825388862617644
U000138,60,24,7,7,5,0,0,0,0.12305651279664492
U000139,48,21,6,6,4,0,1,0,0.16099242390161367
U000140,54,19,7,9,3,4,2,0,0.052940982031332906
U000141,49,17,8,3,6,0,1,0,0.13327358104658138
U000142,51,17,11,5,5,1,1,0,0.14837278401783144
U000143,45,14,10,6,5,0,3,0,0.1433216086244904
U000144,54,19,6,11,7,0,4,0,0.1477626670075371
U000145,43,10,9,9,6,0,3,0,0.09812353739669838
U000146,51,18,7,12,4,0,1,0,0.13765484461787514
U000147,55,21,8,8,8,0,0,0,0.1468471156665701
U000148,63,27,9,6,5,0,0,0,0.07948364139200931
U000149,50,18,8,8,4,1,1,0,0.15715543008417138
U000150,50,18,8,11,5,0,4,0,0.15032684010431335
U000151,51,19,6,9,7,0,4,0,0.15866427794384824
U000152,56,21,13,8,3,1,0,0,0.10494071315536774
U000153,39,14,2,10,5,0,3,0,0.06132327369868473
U000154,52,20,8,7,7,0,4,0,0.16767267085937565
U000155,43,13,5,9,5,0,3,0,0.12826828775777555
U000156,66,27,13,10,4,0,0,0,0.012146510249047227
U000157,47,17,8,2,5,0,1,0,0.11602219506808037
U000158,47,20,5,5,3,5,2,1,-0.0032483933245839314
U000159,43,16,9,5,2,5,2,1,-0.009922277041069405
U000160,54,16,12,7,6,4,2,0,0.0202605770559815
U000161,54,14,11,5,10,0,4,0,0.052523574889383196
U000162,51,25,7,8,4,0,1,0,0.13114647696784199
U000163,59,21,8,7,9,0,0,0,0.10669827124235365
U000164,50,26,4,9,2,0,1,0,0.0508867499790171
U000165,51,18,9,12,8,0,4,0,0.1137511476823001
U000166,54,24,6,5,6,0,1,0,0.13797794147219378
U000167,40,17,4,6,3,0,3,0,0.11868287614187717
U000168,56,17,8,8,6,0,4,0,0.16530940052424065
U000169,50,20,8,10,3,0,1,0,0.14941251887588547
U000170,46,13,5,12,6,1,4,0,0.10665487560407438
U000171,53,19,12,4,6,0,1,0,0.13381833148971728
U000172,40,10,6,9,10,2,4,0,0.00534704897705407
U000173,51,9,4,12,6,0,4,0,0.05368955195856451
U000174,57,16,11,8,7,1,0,0,0.12397316577133433
U000175,44,23,7,1,5,0,1,0,0.06753740660053192
U000176,53,14,4,8,7,0,4,0,0.11059034993012179
U000177,44,12,8,6,4,0,3,0,0.14214306967552726
U000178,42,12,7,6,4,0,3,0,0.14305689486438178
U000179,44,16,8,2,4,1,3,0,0.09693700378924591
U000180,50,24,8,9,3,0,1,0,0.1254644768990285
U000181,54,16,10,5,5,0,1,0,0.15399750426518155
U000182,50,18,8,7,5,3,2,0,0.11461789278912204
U000183,54,18,11,10,5,0,0,0,0.1464104772536377
U000184,52,20,6,5,6,1,1,0,0.15961690743978174
U000185,40,15,8,1,5,1,3,0,0.07270671647995486
U000186,46,21,6,6,6,0,1,0,0.15510277424782787
U000187,52,13,5,13,4,0,4,0,0.07912452338055537
U000188,47,10,10,6,8,0,4,0,0.0939404170915491
U000189,43,8,11,7,6,1,3,0,0.053680221059629774
U000190,48,20,7,8,3,0,1,0,0.16002162977775092
U000191,42,17,8,4,6,0,3,0,0.1328299458315289
U000192,43,18,4,4,4,0,3,0,0.1272309316142875
U000193,56,19,11,8,3,3,2,0,0.07275763398962748
U000194,42,12,7,8,0,2,3,0,0.03020731739631677
U000195,48,20,4,8,3,3,2,0,0.07280371457573853
U000196,49,18,7,8,3,1,1,0,0.15005062695408683
U000197,51,21,6,11,7,1,4,0,0.1349478220588315
U000198,46,13,11,5,4,0,3,0,0.12935663474167824
U000199,51,18,10,7,3,3,2,0,0.09338476190309147
U000200,48,21,7,3,5,1,1,0,0.12269646106182891
U000201,61,22,12,9,6,0,0,0,0.11714377834953232
U000202,42,21,7,5,1,1,1,0,0.07875828107694527
U000203,34,9,4,2,6,1,3,1,-0.011815605334591361
U000204,36,21,3,4,3,0,3,0,0.04828882705914117
U000205,47,19,7,4,3,0,1,0,0.1468239164800973
U000206,43,15,2,8,4,0,3,0,0.09545969424421791
U000207,61,19,8,7,10,2,4,0,0.04174024338763027
U000208,64,25,13,12,3,0,0,0,0.020298961158672357
U000209,50,18,4,6,7,2,4,0,0.09778179681017696
U000210,54,23,4,5,4,0,1,0,0.11091899972772817
U000211,48,15,4,8,7,2,4,0,0.09914298698337226
U000212,60,22,8,11,3,0,0,0,0.11334311042787315
U000213,53,16,10,7,4,3,2,0,0.0939147966065153
U000214,38,13,8,6,2,0,3,0,0.10674523449048734
U000215,64,23,8,12,5,0,0,0,0.08432295618064106
U000216,44,17,7,2,4,0,3,0,0.10892780220913101
U000217,47,21,6,6,5,0,1,0,0.1590462611955562
U000218,39,12,5,6,3,0,3,0,0.11853460520369807
U000219,54,17,6,12,2,1,1,0,0.09928066811276987
U000220,46,19,3,8,3,3,2,0,0.05471213208997572
U000221,57,22,10,10,3,1,0,0,0.1122978169221372
U000222,57,15,15,8,6,1,0,0,0.09168744949597435
U000223,50,15,11,3,8,0,4,0,0.07513136993546182
U000224,56,15,11,12,5,2,0,0,0.06865333714655464
U000225,45,16,6,11,5,2,2,0,0.11112539114937886
U000226,58,19,10,11,6,0,0,0,0.1403098346955059
U000227,38,18,7,2,4,4,2,1,-0.01701677178601657
U000228,50,15,5,7,6,0,4,0,0.15145703747224476
U000229,38,16,3,9,7,2,4,0,0.04076874658962659
U000230,60,25,9,9,2,4,2,1,-0.03006890200813772
U000231,47,20,4,11,4,1,1,0,0.10422108349993275
U000232,48,16,9,6,9,0,4,0,0.12818943379313846
U000233,49,16,5,5,3,1,1,0,0.13430779116101849
U000234,42,14,4,7,4,0,3,0,0.13531816251549605
U000235,46,17,4,5,5,2,2,0,0.11050874306973107
U000236,45,13,8,7,6,0,3,0,0.14420982666905757
U000237,48,20,5,5,8,1,4,0,0.12208683322970137
U000238,46,16,7,9,2,3,2,0,0.07298404382717527
U000239,49,16,10,8,1,0,1,0,0.10208030899647086
U000240,56,20,8,7,10,0,4,0,0.09568221419500211
U000241,54,20,7,4,4,1,1,0,0.14522155161555078
U000242,42,12,9,3,8,0,3,0,0.06299936034484788
U000243,50,17,7,7,7,0,4,0,0.16465619018499178
U000244,48,11,12,2,10,0,4,0,0.007015876349810046
U000245,49,18,12,7,2,0,1,0,0.1152209934451563
U000246,51,24,3,11,2,1,1,0,0.028134820954148765
U000247,51,10,9,8,4,1,3,0,0.11616914995029409
U000248,40,11,6,8,4,0,3,0,0.12261443481979856
U000249,44,15,3,6,5,0,3,0,0.12351691709914547
U000250,49,15,10,10,5,0,4,0,0.14054673580934757
U000251,57,21,6,7,4,0,1,0,0.1503681503048473
U000252,50,17,6,5,9,1,4,0,0.11341810912655753
U000253,37,15,7,2,1,0,3,0,0.036912715847417954
U000254,52,18,5,8,5,1,1,0,0.15186045804112475
U000255,50,17,8,8,5,3,2,0,0.11154075840325
U000256,63,20,15,12,1,1,0,0,0.003288175611968258
U000257,54,15,8,8,8,1,4,0,0.1305531287011355
U000258,43,18,5,7,4,0,3,0,0.1549269899033452
U000259,46,15,7,6,7,0,4,0,0.153130560317214
U000260,43,16,4,7,0,0,3,0,0.06155331806304998
U000261,48,12,7,8,5,2,2,0,0.11568704878041158
U000262,54,18,8,7,8,2,4,0,0.11468070908603989
U000263,46,17,11,4,5,0,1,0,0.13873536878670417
U000264,60,19,8,9,5,0,0,0,0.1508523574507577
U000265,58,17,7,11,4,0,0,0,0.13598971848416402
U000266,53,18,5,11,3,1,1,0,0.12611568509221932
U000267,44,14,11,8,4,1,3,0,0.11460019151359463
U000268,55,16,13,5,6,1,0,0,0.11705508879181653
U000269,51,10,11,9,5,3,2,0,0.03673294985282649
U000270,58,22,9,11,1,0,0,0,0.07300981942037121
U000271,60,15,7,14,5,1,0,0,0.06345906311196814
U000272,61,22,16,12,8,1,0,0,0.012644549627733204
U000273,50,18,6,10,5,0,4,0,0.16006749104792012
U000274,35,13,7,5,4,3,3,0,0.04086992679831636
U000275,37,17,3,5,4,0,3,0,0.08799022928450562
U000276,50,24,5,3,5,1,1,0,0.08668172783892913
U000277,53,18,6,10,8,1,4,0,0.12790315512494155
U000278,55,20,9,4,5,3,2,0,0.07948030665481809
U000279,53,14,8,8,9,1,4,0,0.09895583221155951
U000280,51,22,10,9,3,0,1,0,0.1382484836632028
U000281,53,15,5,7,9,2,4,0,0.07703160737553166
U000282,34,12,1,9,4,2,3,1,-0.005097920520175547
U000283,50,19,9,7,4,1,1,0,0.16194679687918762
U000284,42,12,5,9,4,2,3,0,0.0918267740764036
U000285,59,26,6,7,4,0,1,0,0.08990124590592713
U000286,50,19,11,6,2,1,1,0,0.11625978507425905
U000287,57,26,7,7,5,2,0,0,0.06721462880478907
U000288,46,14,5,6,11,0,4,0,0.06493980235546226
U000289,50,11,7,4,7,0,4,0,0.1078672474023622
U000290,41,13,9,10,1,4,2,1,-0.027258098735896907
U000291,47,19,3,5,8,2,4,0,0.06231859422174002
U000292,45,17,10,5,5,3,2,0,0.08597317669062893
U000293,51,20,7,12,3,0,1,0,0.13199007101984284
U000294,45,11,6,8,7,5,2,1,-0.016586892108896856
U000295,60,19,9,13,8,0,0,0,0.0834220554272947
U000296,48,19,4,11,5,1,4,0,0.11183651340770845
U000297,66,20,8,12,6,0,0,0,0.08852658643214911
U000298,56,20,7,12,4,2,0,0,0.10279092702570358
U000299,46,13,6,13,3,3,2,0,0.04034039191064409
U000300,43,10,6,13,3,1,3,0,0.057817644492675346
U000301,48,12,7,7,6,1,4,0,0.1421488719566591
U000302,53,13,8,9,8,0,4,0,0.11555805009115638
U000303,41,17,7,7,4,1,3,0,0.14480723257356398
U000304,45,19,7,6,4,1,1,0,0.15573903148438534
U000305,48,11,6,7,7,0,4,0,0.12895561083332757
U000306,61,27,11,9,2,1,0,0,0.01358520434283983
U000307,49,15,8,5,6,2,2,0,0.11688251609857186
U000308,40,13,3,6,5,1,3,0,0.10136531052306724
U000309,47,17,9,5,3,2,2,0,0.12028042278980328
U000310,46,16,11,5,5,0,1,0,0.14373401931872637
U000311,46,17,4,9,7,1,4,0,0.11783652486085516
U000312,60,18,14,9,6,0,0,0,0.10574683516013861
U000313,46,15,11,5,4,0,3,0,0.13592005181110844
U000314,45,18,9,7,3,0,1,0,0.15345076305563654
U000315,46,18,5,6,4,0,1,0,0.16307685653689552
U000316,51,16,6,10,7,0,4,0,0.15223790421862277
U000317,49,17,7,9,6,1,4,0,0.15569005949883158
U000318,45,18,5,4,5,0,1,0,0.14309174116895962
U000319,57,25,7,9,5,0,0,0,0.12310410274436467
U000320,63,23,5,13,6,0,0,0,0.06759854307010643
U000321,46,22,3,3,6,1,1,0,0.05191742542081801
U000322,43,17,7,7,5,0,3,0,0.16023519464106695
U000323,42,14,5,9,5,0,3,0,0.1321472331249109
U000324,48,17,4,10,7,1,4,0,0.11499196910343651
U000325,56,17,8,7,7,0,4,0,0.1582132331297551
U000326,32,7,6,8,2,3,3,1,-0.03503950064894146
U000327,53,17,13,4,6,0,1,0,0.12265459581233712
U000328,45,13,5,8,8,0,4,0,0.1192315215107339
U000329,63,23,10,9,8,0,0,0,0.09688000047189199
U000330,52,23,7,4,4,1,1,0,0.12578478366802276
U000331,44,16,10,1,7,0,3,0,0.06565140095752303
U000332,49,16,10,6,5,2,2,0,0.13010760967256235
U000333,65,20,7,15,7,0,0,0,0.01802238194970185
U000334,74,27,8,10,10,1,0,1,-0.0668343550534205
U000335,50,11,12,9,5,0,4,0,0.10279854257139798
U000336,58,21,10,6,5,0,0,0,0.14837925390904455
U000337,56,18,16,7,3,0,0,0,0.0896851825440016
U000338,48,17,8,5,7,1,4,0,0.1404893178054354
U000339,46,16,5,6,7,0,4,0,0.1517337637170338
U000340,40,14,4,7,7,4,2,1,-0.010294771730405716
U000341,37,16,6,4,3,1,3,0,0.08854612635306863
U000342,58,20,12,2,7,5,2,1,-0.06182717785596237
U000343,55,16,11,6,5,0,1,0,0.14850018724432662
U000344,47,20,3,10,3,2,2,0,0.06148807026564873
U000345,53,20,10,6,7,1,0,0,0.15274541298876293
U000346,55,12,9,8,9,1,4,0,0.08081907458317633
U000347,49,16,7,4,6,5,2,0,0.010739503083919355
U000348,47,14,8,12,2,1,3,0,0.09096845555978395
U000349,52,23,3,10,3,3,2,0,0.021772996022449975
U000350,51,25,7,4,7,1,1,0,0.10031691489626487
U000351,61,21,7,11,10,0,0,0,0.05840911033363083
U000352,56,18,9,11,4,1,0,0,0.14130011202461185
U000353,44,24,6,5,4,0,1,0,0.11732870082701613
U000354,72,21,16,12,5,3,0,1,-0.05897325763617689
U000355,58,18,10,7,7,2,0,0,0.10873201155543843
U000356,47,22,4,2,7,0,1,0,0.062418888300567354
U000357,37,10,4,8,4,0,3,0,0.08941997723444028
U000358,44,17,1,15,1,0,3,1,-0.037231100339110035
U000359,55,19,9,8,9,0,4,0,0.12415373503300137
U000360,52,23,6,9,1,0,1,0,0.08589906496494654
U000361,51,18,9,5,7,1,4,0,0.14969263827856627
U000362,60,21,10,8,8,1,0,0,0.11043439160716761
U000363,47,18,8,4,3,2,1,0,0.10724124439684235
U000364,51,19,9,8,6,0,1,0,0.1693594235350595
U000365,44,14,8,7,6,1,3,0,0.13897705566789448
U000366,31,10,8,6,1,0,3,0,0.018148804456563195
U000367,42,11,9,7,4,3,2,0,0.056297102375037156
U000368,56,17,6,8,7,0,4,0,0.15311866020472098
U000369,41,18,5,5,4,0,3,0,0.13915802010713801
U000370,51,18,10,3,8,0,4,0,0.1096770381952139
U000371,42,8,9,7,6,2,3,0,0.045682891835293615
U000372,59,15,9,7,9,0,4,0,0.0989043795953064
U000373,54,19,5,12,4,1,0,0,0.12789927837121962
U000374,51,15,4,8,9,1,4,0,0.08829630727996918
U000375,35,13,9,4,4,2,3,0,0.0556326015460622
U000376,48,23,5,6,1,0,1,0,0.07579002881076718
U000377,57,19,10,4,6,0,1,0,0.14586958782103637
U000378,31,15,3,8,2,0,3,0,0.03903958253882067
U000379,39,13,8,3,4,0,3,0,0.1013045012620365
U000380,40,20,7,5,2,1,1,0,0.09987517162309706
U000381,39,14,6,8,1,0,3,0,0.0924085741647212
U000382,41,15,4,4,6,0,3,0,0.1025726174026465
U000383,49,17,8,10,5,0,4,0,0.15671876858778744
U000384,49,11,8,10,7,1,4,0,0.09949764722112708
U000385,52,22,7,11,5,0,0,0,0.14102718345980036
U000386,53,16,9,9,6,1,4,0,0.1562510711036061
U000387,43,6,10,9,6,0,3,0,0.04856836367255568
U000388,45,21,5,4,3,4,2,0,0.008950072143303789
U000389,49,18,7,10,2,1,1,0,0.12193998109904147
U000390,45,11,10,9,4,0,3,0,0.11977638062056728
U000391,46,15,6,7,8,0,4,0,0.14086009436321933
U000392,59,17,13,6,5,0,0,0,0.12075399029146916
U000393,40,14,5,5,1,0,3,0,0.09384487437719752
U000394,51,14,9,4,10,0,4,0,0.06829664865823187
U000395,48,15,2,4,8,3,2,0,0.011619503686890575
U000396,54,16,8,8,6,1,4,0,0.15633646446167326
U000397,56,15,13,11,8,0,0,0,0.07654192492985723
U000398,43,20,4,8,4,1,1,0,0.12009713422193663
U000399,31,12,5,2,3,0,3,0,0.015364086489885076
U000400,56,18,6,8,10,4,2,1,-0.006090250613600134
U000401,47,12,10,8,1,0,3,0,0.08373692426944918
U000402,63,21,10,6,4,1,0,0,0.10853061396165309
U000403,41,14,6,2,6,2,3,0,0.04936292695121336
U000404,52,18,10,8,4,0,1,0,0.16305252929490627
U000405,45,16,5,6,5,0,3,0,0.16255846467124413
U000406,51,16,6,7,8,0,4,0,0.14889311072610223
U000407,53,27,9,5,4,2,1,0,0.06140960482078622
U000408,52,18,6,11,7,1,4,0,0.13839338689563502
U000409,45,13,12,8,3,1,3,0,0.09963664381375531
U000410,48,13,10,9,4,2,2,0,0.10111278331131734
U000411,50,15,8,8,4,2,2,0,0.12835125953064064
U000412,45,17,8,7,2,0,1,0,0.13963234387822038
U000413,55,20,6,10,5,1,0,0,0.15081289565923411
U000414,45,17,8,7,4,1,1,0,0.1547728771128074
U000415,58,21,10,7,9,0,0,0,0.10492486927515732
U000416,41,16,5,6,3,2,3,0,0.10618411181286791
U000417,46,16,9,4,2,0,1,0,0.12431299654190187
U000418,59,22,10,12,6,0,0,0,0.10789007869453487
U000419,49,16,7,11,6,2,4,0,0.11500645028989909
U000420,36,17,9,2,3,0,3,0,0.05231958397009828
U000421,61,21,3,12,11,0,4,1,-0.008499542017496586
U000422,46,13,10,9,4,0,3,0,0.13062586704662033
U000423,46,16,5,7,5,1,3,0,0.1558287508718137
U000424,56,16,11,7,3,2,2,0,0.101127353930822
U000425,34,16,7,3,4,0,3,0,0.07756148425430842
U000426,56,24,7,4,9,0,4,0,0.08209626224395683
U000427,65,28,13,5,5,0,0,0,0.005862866636589192
U000428,61,18,12,9,7,4,2,1,-0.0008134829517352227
U000429,44,15,8,7,4,0,3,0,0.1544962006600366
U000430,54,22,8,12,1,4,2,1,-0.02436228231992521
U000431,44,19,8,7,2,3,2,0,0.06569990048442531
U000432,48,20,6,8,4,0,1,0,0.16650664904987106
U000433,61,21,9,9,7,2,0,0,0.09368670124513362
U000434,51,19,8,10,5,1,1,0,0.15336545251151557
U000435,49,13,13,6,7,1,4,0,0.09556584159841325
U000436,47,16,7,12,3,0,1,0,0.12682375159225528
U000437,44,11,7,7,7,2,4,0,0.08134089809635758
U000438,60,21,12,5,10,2,0,0,0.011309257935898431
U000439,39,14,8,3,2,2,3,0,0.05596089441907359
U000440,45,12,8,9,3,5,2,1,-0.00919543324253047
U000441,55,13,9,7,8,0,4,0,0.11521486435757194
U000442,62,19,10,8,4,2,0,0,0.09257174283617181
U000443,44,13,7,8,3,2,3,0,0.11209008502950724
U000444,45,15,10,8,4,0,3,0,0.1415722616969165
U000445,71,20,9,10,11,0,0,1,-0.0016299352004905954
U000446,38,15,3,10,1,0,3,0,0.039889273562482286
U000447,65,18,12,10,9,2,0,0,0.01309299824701482
U000448,48,19,6,4,6,0,1,0,0.1555471429745603
U000449,36,11,5,7,4,1,3,0,0.08843712974768037
U000450,39,14,5,4,4,0,3,0,0.11374694898796706
U000451,50,19,6,5,7,0,4,0,0.1602779324913453
U000452,55,19,8,8,3,1,1,0,0.1440888038469748
U000453,43,16,6,4,5,0,3,0,0.1445678290909907
U000454,48,13,5,11,2,3,2,0,0.034863879944831866
U000455,63,22,11,12,5,0,0,0,0.09119938726253068
U000456,43,18,6,1,4,3,2,0,0.03398751417492307
U000457,58,22,5,10,4,0,0,0,0.12341267685241308
U000458,57,16,12,11,8,5,2,1,-0.03504009134173591
U000459,48,16,9,7,5,1,1,0,0.16260285762329757
U000460,47,16,6,7,1,0,3,0,0.113558066065368
U000461,45,18,9,6,4,0,1,0,0.1593496478778006
U000462,53,15,10,13,5,0,0,0,0.10263971479504447
U000463,45,14,11,7,5,1,3,0,0.12530202958605413
U000464,39,12,9,7,1,2,3,0,0.04379484039230319
U000465,46,17,5,10,6,0,4,0,0.1429064991242881
U000466,50,17,9,10,3,0,1,0,0.14989759766143107
U000467,37,15,7,3,3,1,3,0,0.07982080522043372
U000468,47,18,6,8,6,1,4,0,0.159134040334925
U000469,49,15,7,13,6,1,4,0,0.1113916069723283
U000470,53,16,14,8,6,0,0,0,0.121292581419918
U000471,60,21,12,8,8,1,0,0,0.09184028766833563
U000472,56,15,7,13,4,5,2,1,-0.029602533071476644
U000473,52,15,12,10,3,0,1,0,0.11125010193060592
U000474,40,13,10,7,2,0,3,0,0.10018542557855498
U000475,52,20,7,5,3,0,1,0,0.1580616364387643
U000476,64,17,9,12,7,1,0,0,0.0792985832718675
U000477,52,19,11,10,6,0,0,0,0.14117835202049167
U000478,56,17,9,11,5,3,2,0,0.0842791556011504
U000479,52,15,11,6,8,1,4,0,0.11842475163741667
U000480,48,16,7,6,3,1,1,0,0.14782068815383798
U000481,52,13,3,12,8,2,4,0,0.020852412374095408
U000482,57,15,12,9,7,0,0,0,0.11815635833255039
U000483,64,18,11,11,5,2,0,0,0.069632879666288
U000484,45,21,6,5,5,0,1,0,0.14860873906507494
U000485,48,13,4,11,10,1,4,0,0.03734867642448503
U000486,42,21,5,3,7,3,2,0,0.02002811829717821
U000487,50,19,8,6,5,2,2,0,0.13947279354131492
U000488,43,17,6,6,6,2,2,0,0.12894579883827673
U000489,42,18,9,10,1,0,1,0,0.07794691851858043
U000490,51,19,8,3,6,2,2,0,0.09906021928181985
U000491,44,15,2,4,9,1,4,0,0.03571366884184457
U000492,42,14,8,7,0,1,3,0,0.04922324500139752
U000493,56,20,7,7,7,0,4,0,0.1583456712177903
U000494,56,18,10,9,2,0,1,0,0.12603002761891102
U000495,44,17,4,7,0,1,3,0,0.05261669117269929
U000496,50,23,6,5,3,0,1,0,0.13500202287070845
U000497,59,17,4,15,6,1,0,0,0.024538868174817097
U000498,55,15,10,8,7,2,4,0,0.10291458310284068
U000499,46,18,8,11,4,3,2,0,0.08451478942110241
U000500,47,18,9,7,4,0,1,0,0.1638250647637275
U000501,52,17,9,9,5,3,2,0,0.10653404519974563
U000502,41,9,7,9,4,0,3,0,0.08439491620529099
U000503,54,20,4,8,6,0,4,0,0.14246400522250185
U000504,52,21,6,10,5,2,2,0,0.11895468660087372
U000505,62,12,13,13,11,0,0,1,-0.044324951589090555
U000506,35,13,5,3,4,0,3,0,0.07512357729280844
U000507,41,12,4,12,5,0,3,0,0.08164870749723985
U000508,58,19,12,7,5,1,0,0,0.134662317718167
U000509,50,13,10,6,5,2,2,0,0.11446108340517097
U000510,53,18,6,7,8,0,4,0,0.14981551270184373
U000511,43,13,5,3,1,0,3,0,0.07042065259559765
U000512,55,17,10,6,9,1,4,0,0.11291551528669891
U000513,54,20,7,10,7,0,4,0,0.15917841038262803
U000514,41,20,4,4,4,1,1,0,0.09735739083284045
U000515,51,16,10,7,6,3,2,0,0.09227467750873569
U000516,44,11,7,10,3,2,3,0,0.07301069857537451
U000517,64,24,7,8,4,3,0,0,0.03262879448345868
U000518,48,14,8,10,3,1,3,0,0.1223604487382603
U000519,45,16,8,6,4,2,2,0,0.12990605507849468
U000520,57,18,15,7,8,0,0,0,0.08769593250858776
U000521,49,16,10,9,3,0,1,0,0.1481021708608341
U000522,45,19,9,6,5,1,1,0,0.14851457488487668
U000523,47,12,5,9,6,0,4,0,0.12792810456234455
U000524,48,11,14,8,5,3,2,0,0.022230162213923044
U000525,53,24,4,5,5,1,1,0,0.09605798193949949
U000526,56,19,8,8,3,4,2,0,0.04039844807173676
U000527,48,18,5,8,6,0,4,0,0.15859362862290272
U000528,56,15,11,8,7,0,4,0,0.12706220900962084
U000529,49,18,3,6,4,1,1,0,0.11827659290610604
U000530,50,16,7,6,7,0,4,0,0.16049470482238293
U000531,52,17,6,7,7,1,4,0,0.15823214652715278
U000532,55,17,7,12,6,1,4,0,0.13454436463833552
U000533,47,18,5,11,5,4,2,0,0.04166199730212217
U000534,53,21,10,7,5,1,1,0,0.15782486790229688
U000535,50,12,11,4,9,0,4,0,0.06850036437538909
U000536,50,17,5,11,4,0,1,0,0.14061405447483066
U000537,50,15,10,8,9,1,4,0,0.09983155435797303
U000538,48,16,5,8,6,0,4,0,0.15882378336185488
U000539,47,15,6,9,8,0,4,0,0.13249687953804956
U000540,41,12,3,9,4,0,3,0,0.10113040577077187
U000541,48,21,6,4,6,0,1,0,0.15077104946194975
U000542,53,13,14,5,6,1,4,0,0.0826960521001271
U000543,47,18,3,8,7,0,4,0,0.1162149506123687
U000544,44,13,5,5,7,1,3,0,0.11919993547510188
U000545,43,17,3,4,4,0,3,0,0.11217624808392113
U000546,53,22,8,6,1,1,1,0,0.0835077689658662
U000547,44,15,3,8,7,0,4,0,0.10823499696828054
U000548,49,19,6,6,4,3,2,0,0.11304231962346051
U000549,62,24,6,12,4,0,0,0,0.07944033439760989
U000550,51,16,7,10,7,1,4,0,0.14763703996822963
U000551,36,13,2,7,2,0,3,0,0.04868235313109026
U000552,39,12,12,4,3,0,3,0,0.07491680188195549
U000553,60,25,11,8,4,0,0,0,0.09421940133886242
U000554,47,17,9,5,4,2,2,0,0.12823484742526137
U000555,63,24,9,9,8,3,0,0,0.01725179445386049
U000556,63,25,9,10,6,0,0,0,0.09274394649179551
U000557,46,17,4,3,8,0,4,0,0.09592595619399508
U000558,37,12,7,5,2,1,3,0,0.08195325141113569
U000559,52,20,4,8,4,1,1,0,0.1343330279139392
U000560,47,8,11,8,6,0,3,0,0.06685410108622908
U000561,54,18,8,5,6,2,2,0,0.12323563987166103
U000562,49,14,10,5,3,1,3,0,0.12054951623970639
U000563,52,12,5,12,10,1,4,0,0.034015434412124845
U000564,49,16,5,12,6,0,4,0,0.1247655804475698
U000565,46,16,4,9,2,0,3,0,0.1204346065805661
U000566,46,14,11,3,4,0,3,0,0.0992656026658974
U000567,50,17,5,7,7,2,4,0,0.11990234369312236
U000568,53,16,6,10,8,0,4,0,0.13896997239447328
U000569,56,21,6,10,8,2,0,0,0.08751614700306898
U000570,50,19,8,5,8,2,4,0,0.10550586617419594
U000571,49,21,8,5,3,1,1,0,0.1355088190464659
U000572,44,19,5,5,3,0,1,0,0.14286480209145885
U000573,36,11,13,2,0,0,3,1,-0.03783426055305794
U000574,53,21,9,6,6,0,1,0,0.16549416788640925
U000575,46,17,10,4,5,1,1,0,0.13549757874993812
U000576,35,12,5,4,2,3,3,0,0.0033697551106993684
U000577,48,21,5,7,6,0,1,0,0.1510338471606082
U000578,48,16,6,9,5,3,2,0,0.10985508343994788
U000579,55,20,12,5,3,0,1,0,0.1271540222139183
U000580,42,13,7,6,4,0,3,0,0.14713851306909603
U000581,42,13,7,6,3,0,3,0,0.1421485217561652
U000582,40,11,7,9,2,1,3,0,0.08592836652280633
U000583,57,16,9,5,11,0,4,0,0.06488076674610405
U000584,62,29,12,5,6,0,0,0,0.02585059890949637
U000585,45,16,9,3,4,2,3,0,0.08740290521607047
U000586,52,18,5,10,8,1,4,0,0.12104834525544783
U000587,54,19,7,6,3,0,1,0,0.1585563654251561
U000588,44,10,6,8,9,0,4,0,0.07510210793502231
U000589,54,16,13,11,2,1,0,0,0.07326683040569576
U000590,49,20,5,7,8,0,4,0,0.14363128677201098
U000591,41,10,9,7,1,0,3,0,0.07121382257350378
U000592,63,24,10,10,6,1,0,0,0.08545200660599872
U000593,55,16,13,6,3,0,1,0,0.11763998566025735
U000594,51,19,7,3,6,1,1,0,0.13102828118291365
U000595,45,19,5,8,4,0,1,0,0.1523150772377383
U000596,49,13,6,8,7,0,4,0,0.1426453604415862
U000597,45,12,10,9,1,0,3,0,0.08122975128329568
U000598,53,19,8,11,3,0,1,0,0.1445015885061951
U000599,55,16,10,4,5,0,1,0,0.14194627816227595
U000600,51,20,4,7,6,0,1,0,0.14800039365202167
U000601,46,15,6,8,3,3,2,0,0.0968587733817392
U000602,50,15,9,10,4,2,2,0,0.1129063164211444
U000603,52,24,6,6,7,0,1,0,0.1375575414248928
U000604,54,19,8,5,6,1,1,0,0.15477393688900615
U000605,48,18,5,10,3,1,1,0,0.13068102490871525
U000606,55,21,11,3,8,2,0,0,0.053322471181767694
U000607,64,22,10,13,4,0,0,0,0.06876110624619897
U000608,50,23,6,6,6,0,1,0,0.15024734985311694
U000609,48,12,11,11,4,0,3,0,0.08264734413552766
U000610,52,17,9,8,5,0,1,0,0.17043277445830002
U000611,44,19,5,4,2,0,1,0,0.11096154822710463
U000612,55,19,9,9,1,3,2,0,0.039567281925715236
U000613,46,10,11,10,4,3,2,0,0.01759343084792464
U000614,44,12,7,8,4,0,3,0,0.1417610208759157
U000615,53,24,5,3,5,0,1,0,0.10041813739945371
U000616,54,17,7,11,5,0,4,0,0.15084855033365385
U000617,61,21,10,7,7,0,0,0,0.1309104095731442
U000618,53,20,5,9,4,1,1,0,0.14841313871983453
U000619,43,16,5,7,3,0,3,0,0.14767942073971424
U000620,45,20,10,2,2,2,1,0,0.02985415858445062
U000621,47,22,7,5,5,4,2,0,0.04330549586353627
U000622,53,15,8,10,7,1,4,0,0.1369475984364829
U000623,51,23,6,12,1,1,1,0,0.05881028032907987
U000624,51,12,10,8,8,1,4,0,0.10396889358983874
U000625,52,20,6,7,4,0,1,0,0.16873149277010352
U000626,40,17,11,4,2,0,3,0,0.08130427265522167
U000627,54,20,10,8,3,1,1,0,0.14628670966512863
U000628,42,20,7,5,2,0,1,0,0.12278077355866834
U000629,48,25,5,4,6,2,1,0,0.0629703574178152
U000630,35,13,4,6,2,0,3,0,0.08154913237809458
U000631,65,24,6,11,7,0,0,0,0.0627449534836475
U000632,51,17,10,9,7,0,4,0,0.15342870597941355
U000633,62,24,9,11,7,4,0,1,-0.007100652598605928
U000634,57,19,4,13,5,0,0,0,0.08309340905046342
U000635,45,19,6,9,0,0,1,0,0.07948769591952182
U000636,50,21,7,9,3,0,1,0,0.15433874453221685
U000637,51,24,5,6,5,1,1,0,0.12588607022763315
U000638,49,18,11,5,6,5,2,1,-0.0003406527033992246
U000639,61,24,7,7,7,0,0,0,0.1124922429131236
U000640,55,22,4,8,4,3,2,0,0.05106355494928083
U000641,50,14,7,7,4,0,3,0,0.15358390326313676
U000642,58,16,8,11,8,1,4,0,0.1060799879526928
U000643,50,11,5,13,5,0,4,0,0.07659742069529418
U000644,56,24,5,7,5,0,1,0,0.12351722767675932
U000645,51,14,9,7,6,1,4,0,0.1478293297572293
U000646,51,21,13,4,4,1,1,0,0.10448308956536756
U000647,58,22,4,12,8,0,0,0,0.0664362063923255
U000648,47,19,6,8,5,2,2,0,0.13386859325002537
U000649,52,20,8,7,6,4,2,0,0.04924466634436253
U000650,45,13,7,8,2,0,3,0,0.12813488756538627
U000651,54,19,5,7,12,1,4,0,0.04895385240282424
U000652,43,11,4,11,3,2,3,0,0.04888461202445116
U000653,48,17,8,9,5,0,1,0,0.16058094780347854
U000654,63,26,6,8,9,2,0,0,0.010116340904331778
U000655,44,21,4,6,2,0,1,0,0.10531459966015055
U000656,56,23,7,6,7,2,0,0,0.09458657985714009
U000657,49,19,5,12,3,0,1,0,0.11782974098853888
U000658,52,17,6,5,6,0,1,0,0.16373668454211804
U000659,55,28,4,9,4,1,1,0,0.03384595350893105
U000660,42,15,9,2,3,1,3,0,0.07353845261124925
U000661,33,9,7,2,5,2,3,1,-0.01763146372922164
U000662,49,25,7,4,6,5,2,1,-0.01502581897767441
U000663,52,18,5,11,5,0,4,0,0.14215827816051418
U000664,59,20,7,8,7,0,0,0,0.1466258783633394
U000665,47,24,8,4,2,0,1,0,0.08982042475908047
U000666,52,16,10,4,9,0,4,0,0.10208025451832359
U000667,46,15,10,11,7,0,4,0,0.10949034988283218
U000668,58,20,5,7,10,2,4,0,0.0393769628596089
U000669,48,23,5,9,5,2,2,0,0.08873469008493051
U000670,43,17,4,7,4,0,3,0,0.14419366013249424
U000671,48,16,6,10,5,0,4,0,0.1580362039853897
U000672,44,17,4,6,4,1,3,0,0.13700297763492147
U000673,55,21,10,7,3,0,1,0,0.14540039948061023
U000674,41,13,8,11,0,0,3,0,0.02680137950762551
U000675,58,18,11,10,4,0,0,0,0.13616445343749867
U000676,55,21,6,10,5,0,0,0,0.15197907494407442
U000677,46,21,4,9,1,0,1,0,0.08766775155503737
U000678,52,22,5,10,6,2,2,0,0.09048686492118257
U000679,48,23,5,6,4,0,1,0,0.1364743000530757
U000680,46,11,5,11,9,1,4,0,0.05776634383162638
U000681,64,23,9,8,6,1,0,0,0.10150734784860826
U000682,61,21,11,11,5,3,0,0,0.05074357941658991
U000683,49,15,6,8,8,0,4,0,0.14065824875681165
U000684,48,20,5,9,2,0,1,0,0.12397825666940376
U000685,47,19,4,7,3,0,1,0,0.14116934619134602
U000686,56,19,7,8,4,0,1,0,0.16371850427821316
U000687,48,20,5,5,6,0,1,0,0.1569714949565683
U000688,46,13,10,6,6,2,2,0,0.10451176212374286
U000689,61,24,9,9,8,0,0,0,0.10356079964127918
U000690,51,16,7,13,3,0,1,0,0.10791063234827158
U000691,49,18,6,5,5,0,1,0,0.16260801581717055
U000692,60,21,6,13,8,2,0,0,0.04813360800068134
U000693,44,13,8,6,3,2,3,0,0.11328696896143803
U000694,38,12,6,5,4,1,3,0,0.10899716152492883
U000695,47,18,7,10,4,1,1,0,0.14789287582399152
U000696,54,22,6,9,7,1,0,0,0.13737063035385522
U000697,55,13,8,12,7,1,4,0,0.0939042059237783
U000698,53,22,7,8,4,0,1,0,0.15885989960391622
U000699,46,17,4,7,5,1,3,0,0.14099958909219856
U000700,56,15,6,8,8,2,4,0,0.09308134926043243
U000701,59,21,10,8,6,0,0,0,0.14846032400115955
U000702,48,12,9,7,7,1,4,0,0.12673326173666422
U000703,61,20,10,12,8,0,0,0,0.09560009068920383
U000704,52,17,10,8,3,1,1,0,0.14524313890834306
U000705,50,20,8,8,3,0,1,0,0.16396395683905773
U000706,53,25,4,5,3,1,1,0,0.0712655040084087
U000707,62,25,10,9,5,2,0,0,0.06377736316281085
U000708,36,11,3,5,5,0,3,0,0.0682708517267604
U000709,41,9,11,2,7,0,3,0,0.007143531043102391
U000710,65,23,5,5,12,0,4,1,-0.012606177004179764
U000711,56,17,13,5,2,0,1,0,0.09236577854505429
U000712,36,11,4,9,1,5,2,1,-0.08207081060871368
U000713,44,18,8,6,0,0,1,0,0.08060858711329183
U000714,54,19,8,7,6,0,1,0,0.1717575416420028
U000715,46,14,6,8,4,0,3,0,0.15330923905828603
U000716,56,20,12,6,5,5,2,1,-0.019904746385220995
U000717,66,28,8,8,6,0,0,0,0.03585519499865253
U000718,44,16,4,8,4,1,3,0,0.13300003946377548
U000719,51,21,6,4,4,0,1,0,0.15177033930229622
U000720,42,14,6,9,5,0,3,0,0.13659508480763016
U000721,58,21,12,5,5,1,0,0,0.1201346217003878
U000722,52,16,5,8,9,0,4,0,0.11318234838339902
U000723,63,23,8,12,5,1,0,0,0.07820794628353861
U000724,49,12,8,9,6,0,4,0,0.13355959558399466
U000725,53,18,10,8,8,1,4,0,0.13494350663213805
U000726,52,17,12,6,6,2,2,0,0.11414046465804062
U000727,41,15,9,6,2,1,3,0,0.11267150424779548
U000728,49,20,6,7,4,0,1,0,0.16843480596818583
U000729,42,14,1,9,9,1,4,0,0.005002571111741738
U000730,58,16,5,12,10,5,2,1,-0.05609768097754264
U000731,47,18,9,6,6,0,1,0,0.16172921870753637
U000732,52,18,7,7,5,0,1,0,0.1725289788228555
U000733,49,18,5,8,5,2,2,0,0.12909242972212198
U000734,41,13,3,6,2,0,3,0,0.09668395552071224
U000735,58,23,5,14,5,1,0,0,0.0596982342340765
U000736,56,17,10,9,3,2,2,0,0.10789918123907483
U000737,50,20,10,8,6,0,1,0,0.16365797536390486
U000738,49,8,7,12,10,1,4,0,8.978689198468892e-06
U000739,54,16,8,4,7,1,4,0,0.1324705681235649
U000740,59,15,13,8,5,0,0,0,0.11190733217559551
U000741,49,16,3,6,7,3,2,0,0.0517100657996058
U000742,49,11,10,8,2,0,3,0,0.10008434116297021
U000743,50,16,8,5,5,0,1,0,0.1610989129981723
U000744,53,13,7,10,6,2,4,0,0.10053252625796405
U000745,43,14,9,6,4,0,3,0,0.14607675515903995
U000746,59,23,10,7,4,2,0,0,0.0822058702910346
U000747,45,20,7,2,5,0,1,0,0.11142666782393151
U000748,58,20,11,6,5,0,0,0,0.14469875788805042
U000749,61,21,5,14,9,0,0,0,0.031217482975603672
U000750,52,21,6,12,4,1,0,0,0.12574356035221518
U000751,59,20,10,10,5,2,0,0,0.10733616912806809
U000752,61,21,6,11,4,2,0,0,0.08392718334919985
U000753,48,18,11,3,4,5,2,1,-0.025424549934718432
U000754,45,10,6,14,8,1,4,0,0.029671031355259836
U000755,51,14,8,12,3,2,2,0,0.07984627446146414
U000756,42,14,8,6,5,1,3,0,0.144089764161708
U000757,51,19,7,12,5,3,2,0,0.0835036645446286
U000758,49,22,4,5,5,1,1,0,0.11396905257214485
U000759,47,19,8,4,3,3,2,0,0.0764367660129977
U000760,48,18,10,4,9,0,4,0,0.10505657254915157
U000761,44,12,9,8,2,0,3,0,0.11115809765138518
U000762,56,24,8,9,4,1,0,0,0.11423835032519636
U000763,46,20,6,5,5,0,1,0,0.16282544777761687
U000764,58,20,13,8,4,0,0,0,0.12267943010279836
U000765,68,26,17,5,3,4,0,1,-0.11193179567704592
U000766,46,13,8,10,7,0,4,0,0.11828260520395117
U000767,52,21,8,11,2,0,1,0,0.11324963472883659
U000768,49,18,10,5,1,0,1,0,0.10337588224866473
U000769,53,16,12,11,3,0,0,0,0.11082490356877084
U000770,46,16,8,6,7,1,4,0,0.14408023298849387
U000771,54,23,6,3,6,3,2,0,0.03993261346533805
U000772,48,20,9,6,5,5,2,0,0.014839400921417223
U000773,51,17,11,9,6,1,0,0,0.14062477173794652
U000774,63,27,8,4,4,1,0,0,0.031893003934468256
U000775,63,21,9,6,6,0,0,0,0.12989178604949414
U000776,52,16,9,7,8,2,4,0,0.12187760742741544
U000777,49,16,9,9,2,0,1,0,0.13007244629766784
U000778,57,18,13,7,7,0,0,0,0.12782707279190464
U000779,45,22,5,4,3,4,2,1,-0.0018588033690118966
U000780,40,13,7,6,6,2,3,0,0.10427306170554396
U000781,50,14,7,9,10,0,4,0,0.08963094367075897
U000782,57,19,15,5,3,1,0,0,0.07990155493318224
U000783,52,21,12,6,2,0,1,0,0.1060559993876598
U000784,56,16,7,11,3,0,1,0,0.13006146713966782
U000785,58,21,9,9,5,0,0,0,0.15434153024364605
U000786,49,17,8,8,3,0,1,0,0.16106719837385575
U000787,41,12,3,11,4,1,3,0,0.06366852335119938
U000788,48,17,6,7,7,0,4,0,0.16180333619353926
U000789,57,24,5,9,7,1,0,0,0.10034483582553633
U000790,42,21,5,5,3,0,1,0,0.12317600304886028
U000791,60,21,8,12,2,3,2,0,0.027279788305750285
U000792,41,16,3,4,8,1,4,0,0.05829238959573846
U000793,56,18,11,10,7,3,2,0,0.06302771142739333
U000794,52,15,5,12,5,0,4,0,0.1179382748346402
U000795,48,24,11,5,5,1,1,0,0.10228908402562442
U000796,40,16,6,5,5,2,3,0,0.11189360842566914
U000797,47,16,9,7,2,0,1,0,0.13946731952958402
U000798,43,11,7,3,10,0,4,0,0.03739553424361941
U000799,44,17,3,5,1,0,3,0,0.08054017541503178
U000800,52,17,11,6,6,0,1,0,0.15369283122377847
U000801,56,25,6,9,6,0,0,0,0.1192119364390099
U000802,58,17,13,11,6,0,0,0,0.10870231785505913
U000803,55,18,12,9,7,0,0,0,0.13776198242709176
U000804,39,16,5,8,6,1,3,0,0.10632214030807152
U000805,52,18,10,6,5,0,1,0,0.1665758868761339
U000806,45,17,4,7,6,0,4,0,0.14258190164374923
U000807,44,13,8,5,4,1,3,0,0.13715569150332557
U000808,49,14,8,6,6,0,4,0,0.1529715004109935
U000809,65,24,10,11,6,0,0,0,0.07884349616225234
U000810,61,16,10,8,5,0,0,0,0.13629701191450522
U000811,33,8,9,5,3,0,3,0,0.026387589007948353
U000812,55,21,4,6,10,0,4,0,0.06841543758492752
U000813,48,21,5,6,4,0,1,0,0.1531355779742148
U000814,34,6,5,6,6,0,3,0,0.029519936962469795
U000815,55,23,3,5,8,5,2,1,-0.05372887065184606
U000816,50,19,8,6,5,3,2,0,0.11092040054197105
U000817,42,21,4,3,5,0,1,0,0.09188343423265022
U000818,54,20,9,9,6,0,0,0,0.16666590507999746
U000819,60,23,10,8,4,0,0,0,0.12444481681762398
U000820,41,14,5,6,6,2,3,0,0.10093896113515316
U000821,39,15,4,3,5,2,3,0,0.06414664014405519
U000822,44,15,6,10,4,0,3,0,0.1373651752948939
U000823,50,20,6,3,3,0,1,0,0.1274975174029747
U000824,43,12,4,5,7,0,3,0,0.10487274361807292
U000825,44,19,5,6,5,3,2,0,0.08911290861917331
U000826,47,13,9,8,1,3,2,0,0.030352077167183134
U000827,59,17,10,5,9,0,4,0,0.09266766237191326
U000828,45,11,13,9,5,1,3,0,0.0744494541710145
U000829,56,23,8,5,3,0,1,0,0.1311751601982829
U000830,48,10,11,6,7,1,4,0,0.08405150959843416
U000831,44,16,8,9,1,3,2,0,0.031694312262082525
U000832,55,23,10,7,2,0,1,0,0.09896346585568883
U000833,51,20,7,4,7,0,1,0,0.1550248512399081
U000834,68,21,12,13,11,1,0,1,-0.05277685960832934
U000835,50,20,12,6,6,0,1,0,0.14333918930524991
U000836,64,28,11,7,5,2,0,0,0.010509529277077823
U000837,50,19,7,6,6,0,1,0,0.17194483040377095
U000838,52,17,11,8,5,3,2,0,0.09381660598225872
U000839,52,21,8,8,3,0,1,0,0.16003128509541492
U000840,52,19,4,10,7,0,4,0,0.12812583135172523
U000841,46,18,3,5,8,0,4,0,0.09296755686349528
U000842,51,17,7,8,4,0,1,0,0.17020567513637141
U000843,60,25,9,8,6,0,0,0,0.11597704329099656
U000844,46,14,6,7,10,1,4,0,0.08909333407119457
U000845,31,5,5,6,4,0,3,0,0.026019380682396065
U000846,39,14,9,0,1,0,3,0,0.022773520509693945
U000847,53,22,7,7,4,0,1,0,0.15740485953219552
U000848,47,17,9,7,3,0,1,0,0.1592107616481495
U000849,53,21,10,9,3,3,2,0,0.08240357152744232
U000850,40,12,8,7,4,3,2,0,0.06641459079236839
U000851,49,12,7,9,6,0,4,0,0.136958033115528
U000852,48,15,6,8,2,2,2,0,0.10066301070701661
U000853,40,16,4,7,6,1,3,0,0.10579787070404695
U000854,48,16,2,8,12,5,2,1,-0.08844783415964752
U000855,47,18,1,10,4,0,1,0,0.06655649443822925
U000856,46,14,7,9,2,0,3,0,0.1274329556114499
U000857,53,21,6,9,4,0,1,0,0.16001709569608152
U000858,48,16,10,6,4,2,2,0,0.1255592424271444
U000859,59,18,9,8,8,1,0,0,0.12211036025392974
U000860,49,18,7,8,4,0,1,0,0.1680206011926857
U000861,54,17,6,3,12,0,4,0,0.0350936462610153
U000862,51,20,7,7,4,1,1,0,0.16799820833982154
U000863,53,14,13,7,6,2,2,0,0.08809298131002341
U000864,57,17,8,9,9,0,4,0,0.1194079549296857
U000865,41,10,9,7,5,1,3,0,0.10735022402037092
U000866,64,25,9,10,4,0,0,0,0.08198143929124047
U000867,36,10,3,8,4,0,3,0,0.07154263828515472
U000868,62,19,13,5,5,1,0,0,0.09757363524379115
U000869,45,16,4,11,4,2,2,0,0.08319388012383266
U000870,62,21,10,8,7,4,2,0,0.004134954824036252
U000871,54,22,10,7,4,0,1,0,0.14836295400420402
U000872,49,13,7,6,5,0,3,0,0.15272606908131664
U000873,43,9,11,8,8,0,4,0,0.03983204782878158
U000874,52,13,9,9,5,0,4,0,0.13672698333243966
U000875,53,22,9,7,8,0,0,0,0.13424113543249505
U000876,55,21,7,9,6,0,0,0,0.16181849338108267
U000877,52,16,6,11,5,0,4,0,0.1475012287969209
U000878,39,12,11,3,6,0,3,0,0.05617803611085803
U000879,57,16,7,9,8,0,4,0,0.13483942919271025
U000880,49,17,8,8,3,2,2,0,0.12224144492441325
U000881,45,19,6,5,6,0,1,0,0.1526067415514597
U000882,55,20,4,10,7,1,4,0,0.11111796619649267
U000883,50,17,5,9,5,3,2,0,0.10064818710699952
U000884,47,13,8,10,7,1,4,0,0.11774290044882846
U000885,48,18,8,9,3,0,1,0,0.1540473236158325
U000886,40,21,2,5,6,0,1,0,0.04164216003811527
U000887,56,15,10,10,4,1,0,0,0.12677369318348175
U000888,70,20,12,8,9,1,0,0,0.01479425162583714
U000889,51,22,6,5,2,0,1,0,0.12173825747826633
U000890,46,14,4,9,7,0,4,0,0.12273768256584627
U000891,42,15,7,5,8,1,4,0,0.1134353139419278
U000892,48,14,6,7,4,0,3,0,0.15634886483534327
U000893,51,24,5,8,2,1,1,0,0.08895618982212533
U000894,55,16,14,5,6,0,0,0,0.10745619813763485
U000895,55,25,8,4,5,0,1,0,0.11376886772505268
U000896,58,17,7,5,5,2,2,0,0.10904229982896141
U000897,41,13,9,7,3,0,3,0,0.12754432133618893
U000898,55,20,11,9,4,1,0,0,0.1371194207300938
U000899,53,18,8,9,2,0,1,0,0.1373934499275195
U000900,48,19,8,4,4,0,1,0,0.1527563088256771
U000901,54,19,10,7,5,3,2,0,0.09957053726740417
U000902,49,17,6,11,5,0,4,0,0.1445068923779388
U000903,57,15,10,9,7,0,4,0,0.13506298561170643
U000904,43,12,8,9,4,3,2,0,0.0639522556941472
U000905,55,25,5,10,6,1,0,0,0.09594845727692414
U000906,47,22,6,4,4,1,1,0,0.12256822393072109
U000907,55,24,8,8,3,0,1,0,0.1256703997509951
U000908,51,17,3,7,6,0,4,0,0.12545666660584448
U000909,52,15,12,4,3,1,1,0,0.09995993030265193
U000910,64,28,7,6,6,0,0,0,0.04384820111346632
U000911,47,20,6,7,1,0,1,0,0.11189291943113971
U000912,41,13,5,10,0,2,3,0,0.007363476262553403
U000913,43,20,5,6,4,0,1,0,0.1513155459531747
U000914,43,15,11,5,3,0,3,0,0.12473251799397816
U000915,48,21,9,5,1,0,1,0,0.09590904528713484
U000916,48,19,7,8,4,0,1,0,0.16646625175317892
U000917,36,13,5,6,3,1,3,0,0.09465166691853222
U000918,58,24,8,5,3,2,1,0,0.07241100718575588
U000919,54,17,10,5,5,0,1,0,0.15875652626995357
U000920,45,16,4,8,6,0,4,0,0.1426182229746325
U000921,54,27,7,8,2,1,1,0,0.05684358046163862
U000922,46,20,4,7,3,0,1,0,0.14014920678099174
U000923,50,19,9,6,3,0,1,0,0.15926098996904225
U000924,39,13,8,7,2,3,2,0,0.048119041551456854
U000925,38,19,2,7,5,1,3,0,0.04856133240553351
U000926,46,13,9,5,8,0,4,0,0.11586407324844245
U000927,43,14,5,8,5,5,2,1,-0.005602174956706896
U000928,53,18,12,7,4,0,1,0,0.1463981048436373
U000929,54,22,5,10,5,3,2,0,0.06888880274897435
U000930,64,26,5,8,10,1,0,1,-0.0031111769336168438
U000931,41,14,6,6,2,1,3,0,0.12258665738294183
U000932,43,17,10,1,4,3,2,0,0.016780349194623012
U000933,44,17,3,5,5,1,3,0,0.11234468024739747
U000934,47,17,5,8,8,0,4,0,0.1388365610826756
U000935,56,18,9,10,6,0,0,0,0.15832934984832125
U000936,56,24,10,6,5,1,0,0,0.12287668142150066
U000937,39,10,7,5,4,1,3,0,0.1047080072420456
U000938,43,11,8,6,1,0,3,0,0.08641142667844148
U000939,44,16,9,9,4,1,3,0,0.13976668194881964
U000940,55,20,8,6,3,1,1,0,0.1442660907396318
U000941,52,13,14,8,5,0,0,0,0.09562359520754143
U000942,54,17,12,8,6,0,0,0,0.1457107406742093
U000943,51,16,10,9,3,0,1,0,0.14963082934173916
U000944,45,10,8,12,3,0,3,0,0.07533791070159568
U000945,58,27,7,8,5,0,0,0,0.09221700271670746
U000946,40,13,10,3,3,0,3,0,0.08388881243403096
U000947,52,19,10,6,7,0,4,0,0.1604622030505129
U000948,42,14,6,7,4,0,3,0,0.14901394900270332
U000949,52,19,7,10,3,1,1,0,0.14533020376803363
U000950,42,14,5,7,5,0,3,0,0.14386785299424126
U000951,54,18,11,9,3,5,2,1,-0.002673860713437559
U000952,57,21,9,13,4,3,0,0,0.049850951719715986
U000953,49,14,14,5,6,1,4,0,0.08382953658329989
U000954,46,16,7,5,6,4,2,0,0.04547295851843558
U000955,71,28,14,6,7,2,0,1,-0.04658867255445809
U000956,47,14,6,8,4,0,3,0,0.155364612690517
U000957,53,16,10,8,8,1,4,0,0.1335782554842067
U000958,37,12,9,7,1,0,3,0,0.06547169202349473
U000959,42,13,7,6,6,1,3,0,0.13974998715524023
U000960,45,13,7,8,2,0,3,0,0.12813488756538627
U000961,46,16,7,6,6,0,4,0,0.16492342986372494
U000962,49,13,12,8,2,0,3,0,0.08979193763356563
U000963,58,17,6,10,4,4,2,0,0.029519112400946512
U000964,52,18,9,6,4,0,1,0,0.16989356532759825
U000965,46,19,10,4,5,0,1,0,0.14470396995251222
U000966,53,21,3,10,6,0,4,0,0.10323936505508086
U000967,53,17,8,8,7,0,4,0,0.1622764316054236
U000968,69,33,12,9,7,2,0,1,-0.04806974891807325
U000969,60,17,17,12,4,2,0,0,0.019259065311774792
U000970,48,16,8,7,6,0,4,0,0.16480313743102398
U000971,50,20,7,4,7,0,1,0,0.15435427765526555
U000972,52,17,4,11,5,0,4,0,0.12386316365931038
U000973,67,26,11,11,3,0,0,0,0.014043641092811754
U000974,33,9,6,5,5,2,3,0,0.02067546878037685
U000975,53,17,9,7,9,1,4,0,0.12431128045446771
U000976,53,22,7,8,4,0,1,0,0.15885989960391622
U000977,50,18,8,5,5,1,1,0,0.1563379991589129
U000978,42,18,5,5,4,0,3,0,0.14462142708133557
U000979,52,18,5,9,7,1,4,0,0.14130171117194845
U000980,44,17,7,5,4,1,3,0,0.1535280407706623
U000981,37,14,4,4,6,1,3,0,0.0663430758192694
U000982,53,15,10,8,7,1,4,0,0.14210855766700253
U000983,47,18,9,9,2,3,2,0,0.07409822625495344
U000984,60,25,6,13,5,0,0,0,0.06394863225231712
U000985,54,16,8,11,6,0,4,0,0.14664477138874982
U000986,49,18,2,7,8,0,4,0,0.0758418788272135
U000987,47,17,5,10,3,1,1,0,0.12906420111046518
U000988,46,19,5,5,6,1,1,0,0.1366420034331628
U000989,55,20,7,9,7,1,0,0,0.15088711082911294
U000990,63,23,3,8,8,1,0,0,0.03456944528028327
U000991,40,14,2,5,6,0,3,0,0.06544766441119781
U000992,55,19,7,7,6,1,4,0,0.16145467672937325
U000993,43,11,6,6,6,1,3,0,0.11987199695607303
U000994,49,20,9,4,7,0,1,0,0.142047801631911
U000995,43,11,8,4,6,0,3,0,0.10510146045883223
U000996,50,16,9,10,2,0,1,0,0.12095419842533589
U000997,48,15,4,9,5,0,4,0,0.14007757005206023
U000998,59,19,10,10,7,2,0,0,0.09776217405428039
U000999,49,16,11,8,1,3,2,0,0.023598100513165132
U001000,42,15,1,8,4,1,3,0,0.06030611994277679
